"pathway"	"source"	"p-value"	"q-value"	"external_id"	"members_input_overlap"	"members_input_overlap_geneids"	"size"	"effective_size"
"TYROBP Causal Network"	"Wikipathways"	1.35E-20	9.92E-18	"WP3945"	"KCNE3; FKBP15; APBB1IP; IL10RA; NCF2; SLC7A7; IGSF6; CD37; CD4; NCKAP1L; SAMSN1; GAL3ST4; LHFPL2; BIN2; CREB3L2; TYROBP; TMEM106A; TCIRG1; ELF4; NPC2; RGS1; C3; PYCARD; ITGAX; TGFBR1; ITGB2; LYL1; RNASE6; ZFP36L2; HCLS1; CYTL1; SH2B3; CAPG; PLEK; GIMAP2; CXCL16; IL18; RPS6KA1; IL13RA1; CD84; TNFRSF1B; HLX; SFT2D2; C1QC; GPX1; RUNX3; STAT5A; SPP1; ITGAM; MAF; SLC1A5"	"113277; 3597; 64764; 3142; 51411; 7133; 10577; 3606; 26157; 10184; 7305; 6510; 58191; 23307; 6039; 9056; 64092; 6195; 10261; 678; 2876; 718; 10008; 10312; 714; 375035; 3071; 10019; 7046; 54360; 4094; 3059; 4066; 3587; 3689; 5341; 79690; 6776; 5996; 3687; 864; 4688; 3684; 29108; 2000; 951; 920; 54518; 8832; 6696; 822"	60	54
"Osteoclast differentiation - Homo sapiens (human)"	"KEGG"	5.93E-09	2.18E-06	"path:hsa04380"	"NCF2; NCF1; IFNGR2; PPP3R1; NCF4; PIK3CD; FOSB; JUNB; FCGR3A; NFATC2; AKT1; MAP2K1; AKT3; MAPK10; IFNGR1; FCGR1A; TREM2; MITF; TYK2; IL1B; SPI1; LILRB3; LILRB2; LILRB1; TYROBP; OSCAR; FOS; JUN; CAMK4; FHL2; FOSL1; PIK3R2; FOSL2; NFKB1; NFKB2; MAPK9; BLNK; TGFB1; TGFBR2; TGFBR1; SIRPA; RAC1; MAPK8; CREB1; FCGR2A; LILRB4; TNFRSF11A; RELB; LCP2; RELA; STAT1; SOCS3; PLCG2; SYK; IRF9; TNFRSF1A; CSF1R; CSF1; MAPK13; CYBA; CYLD; PIK3CA; NFATC1; PPP3CA; PPP3CB; LILRA2; BTK; LILRA1"	"1540; 6688; 10288; 653361; 126014; 29760; 4791; 4688; 4689; 140885; 8792; 11024; 10859; 6772; 7297; 7305; 10379; 3725; 3726; 2209; 4772; 4773; 2214; 5290; 5293; 5296; 4790; 695; 4286; 6850; 207; 5336; 2274; 5879; 11006; 10000; 11025; 11027; 814; 2353; 2354; 2355; 9021; 3553; 5970; 5971; 3937; 1385; 8061; 7040; 3459; 3460; 7046; 7048; 5530; 1435; 1436; 5534; 5532; 54209; 2212; 7132; 5599; 5601; 5602; 5603; 5604; 1535"	128	111
"B Cell Receptor Signaling Pathway"	"Wikipathways"	3.55E-08	8.72E-06	"WP23"	"MAP4K1; RASGRP3; NFATC2; NFATC3; MYC; LAT2; PLCG2; MAP2K1; REL; CRK; RAF1; PIK3AP1; JUN; VAV1; PIK3CG; ETS1; PIK3R2; HCLS1; NFKB1; MAPK8; MAPK9; BLNK; LYN; RAC2; RELA; RAC1; CD22; CARD11; CAMK2A; CREB1; PRKCD; ILF2; PTPN6; RPS6KA1; PTPN18; E2F3; SOS1; AKT1; SYK; PIP5K1B; BCL10; DAPP1; GSK3A; CBL; GSK3B; MEF2C; PIP5K1C; ELK1; PTPRC; BRAF; MEF2D; PDPK1; CDC42; BTK; ATF2"	"5170; 5580; 695; 933; 815; 11184; 998; 673; 27071; 5599; 6654; 1385; 1386; 6850; 1871; 5604; 4208; 5601; 1398; 5966; 118788; 2932; 2931; 5777; 5879; 84433; 25780; 5336; 4067; 23396; 2113; 5788; 3608; 4775; 5894; 4773; 4609; 3725; 867; 6195; 4209; 7409; 5296; 5294; 5880; 29760; 207; 8395; 3059; 4790; 26469; 5970; 2002; 8915; 7462"	98	87
"Microglia Pathogen Phagocytosis Pathway"	"Wikipathways"	6.72E-08	1.24E-05	"WP3937"	"NCF2; NCF1; NCKAP1L; NCF4; PLCG2; TREM1; FCGR1A; TREM2; FCER1G; TYROBP; PIK3CA; PIK3CD; PIK3CG; PIK3R2; LYN; ITGB2; RAC2; RAC1; CYBB; CYBA; HCK; PTPN6; SYK; ARPC1B; C1QC; C1QB; C1QA; VAV1; ITGAM; SIGLEC7"	"6850; 5296; 5294; 54210; 5290; 5880; 5336; 4689; 4067; 2207; 2209; 653361; 54209; 714; 713; 712; 5293; 3071; 3055; 5777; 3689; 10095; 7305; 27036; 4688; 3684; 1536; 1535; 7409; 5879"	40	39
"Sudden Infant Death Syndrome (SIDS) Susceptibility Pathways"	"Wikipathways"	1.40E-07	2.06E-05	"WP706"	"HDAC1; RYR2; EGR1; THRB; NFKB2; MAP2; NKX2-2; NFYA; PRKAR2B; FOXM1; NTRK2; ADCYAP1; SOX2; PLP1; IL1B; GABRA1; ACADM; KCNQ1; YWHAZ; CEBPB; EP300; TPPP; TAC1; CHRNB2; JUN; PPARGC1A; RORA; EN1; YWHAH; HTR2A; VIPR1; YWHAB; NFKB1; GRIN1; NOS1AP; YWHAG; DLX2; VAMP2; POU3F2; SNTA1; SP3; TSPYL1; TCF3; SNAP25; SP1; MECP2; ASCL1; CREB1; IL6R; TF; AR; REST; PRKAR1B; SLC25A4; PKNOX1; PRKAR2A; SCN3B; SST; MAZ; TP73; MEF2C; RUNX3; ATP1A3; CTCF; POU2F2; PRKACB; GJA1; YBX1; HTR1A; CREBBP; SLC1A3"	"5567; 11076; 1141; 429; 4133; 3553; 10891; 6640; 4904; 10664; 3570; 2019; 7534; 6095; 1958; 2554; 6657; 7259; 6929; 1387; 291; 864; 116; 4204; 4800; 6262; 2305; 5316; 7433; 367; 7533; 7532; 9722; 55800; 6670; 1385; 7529; 5577; 5576; 5575; 34; 2902; 7018; 6844; 4821; 6616; 3725; 6750; 7161; 4208; 2697; 1746; 4915; 6507; 3065; 1051; 5354; 5452; 5454; 5978; 2033; 3350; 4790; 4791; 3356; 6863; 6667; 4150; 3784; 7068; 478"	159	124
"Aldosterone synthesis and secretion - Homo sapiens (human)"	"KEGG"	4.62E-07	5.67E-05	"path:hsa04925"	"STAR; CAMK1D; CAMK1G; PRKCG; KCNK3; CACNA1I; ATP2B2; CYP11A1; CALM2; KCNJ5; CALM1; CAMK1; CAMK4; CACNA1G; PRKCA; PRKACB; PLCB2; CAMK2G; LIPE; ATP1A1; NR4A2; CYP21A2; NR4A1; PRKCE; CAMK2A; CAMK2B; ATP1B1; LDLR; CREB1; ATP2B1; ATP2B3; ITPR1; KCNK9; ADCY4; ADCY5; ADCY1; ADCY2; ADCY3; ADCY8; PDE2A; CREB3L2; CREB3L1; ATP1A3; CREB3L4; GNA11; ATF4; CALM3; PRKD2; ATF2"	"5138; 1583; 1589; 3164; 51305; 107; 108; 109; 111; 114; 3708; 6770; 3762; 3777; 2767; 8913; 5330; 64764; 25865; 196883; 57118; 801; 805; 808; 814; 815; 816; 818; 4929; 57172; 8536; 8911; 148327; 1385; 1386; 3949; 90993; 3991; 5567; 5578; 5581; 5582; 468; 476; 478; 481; 490; 491; 492"	96	79
"MECP2 and Associated Rett Syndrome"	"Wikipathways"	6.05E-07	6.36E-05	"WP3584"	"TAP1; HDAC1; GPRIN1; AKT1; EZH2; APOC2; GAD1; NCOR1; CEBPD; SMC3; FGF2; NF1; DLX5; DLX6; MBP; MYT1; POU3F2; CNP; SP1; MECP2; SP3; CAMK2A; REST; POU4F1; CREB1; OPRK1; GRIN1; TAF1; PRPF38A; MEF2C; MAG; SST; YBX1; CTCF"	"2902; 9126; 9611; 1267; 6890; 4208; 3065; 6872; 4204; 10664; 1052; 84950; 5454; 6667; 5457; 344; 4986; 815; 1750; 207; 4099; 6670; 2247; 4155; 6750; 4661; 2571; 2146; 5978; 1749; 4904; 1385; 114787; 4763"	63	49
"MAPK Signaling Pathway"	"Wikipathways"	8.55E-07	7.86E-05	"WP382"	"HSPA2; HSPA6; PPP3R1; AKT1; AKT3; CACNA1I; MAP3K2; CACNA1A; CACNA1B; NTRK2; CACNA1G; RELB; MYC; NFKB2; STK3; STK4; CACNA2D2; CACNA2D3; CACNA2D1; FGFR2; CACNA2D4; FGFR1; RASGRF2; ELK1; ELK4; MAPK10; PAK1; RASGRP3; NFATC3; RASGRP4; RRAS; CRK; MAPKAPK3; MAPKAPK2; DAXX; PPM1A; JUN; NF1; NLK; FOS; PTPN7; FGF2; PTPN5; RELA; TP53; TNFRSF1A; MEF2C; CD14; FLNA; NFATC1; MKNK1; RAP1B; RAP1A; ARRB2; MAPK13; IL1B; MAP3K5; RAF1; CACNB3; CACNB2; CACNB1; CACNB4; MAPK7; FGF13; DUSP4; MAPK8; MAPK9; DUSP1; DUSP3; DUSP8; TGFBR2; TGFBR1; NFKB1; RPS6KA4; TAOK1; MAPK8IP2; MAPK8IP3; DUSP6; RASGRF1; SOS1; PRKACB; DUSP2; CDC42; MAP4K1; TGFB1; EGFR; MAP2K1; MAP2K4; NRAS; IL1R2; RAC2; RAC1; PRKCA; NR4A1; PRKCD; PRKCG; PPP3CA; PPP3CB; RASA2; PTPRR; MAP3K13; BRAF; ATF4; CACNG2; CACNG3; CACNG4; ATF2"	"4775; 8986; 9175; 5582; 5906; 10746; 5908; 2247; 409; 774; 11184; 998; 673; 7046; 7040; 7048; 84867; 2316; 5598; 6654; 929; 23162; 1386; 9261; 4893; 5604; 4208; 5601; 5603; 5602; 5494; 7132; 773; 6789; 6788; 5567; 1398; 2263; 2260; 4217; 9254; 2258; 7867; 5778; 784; 785; 1848; 5580; 782; 5578; 1843; 1846; 1845; 1844; 27092; 5971; 5879; 93589; 7850; 25780; 3310; 3164; 7157; 1850; 8913; 115727; 23542; 57551; 468; 55799; 4772; 4609; 3725; 781; 783; 2353; 10000; 5058; 3306; 4763; 5880; 10369; 10368; 8569; 5599; 1616; 6416; 5924; 8911; 5922; 5923; 5801; 207; 5532; 5530; 5534; 4790; 4791; 51701; 5970; 4915; 2002; 1956; 2005; 5894; 6237; 3553"	246	212
"Th17 cell differentiation - Homo sapiens (human)"	"KEGG"	2.07E-06	0.0001696575	"path:hsa04659"	"NFATC1; NFATC2; NFATC3; PPP3R1; TGFB1; NFKBIB; SMAD2; IL6ST; CD4; MAPK10; IFNGR1; IFNGR2; MAPK13; TYK2; IL1B; STAT6; HLA-DRA; STAT3; STAT1; IL12RB1; JUN; RORA; HSP90AB1; SMAD4; JAK3; NFKB1; MAPK8; MAPK9; TGFBR2; IL17D; HLA-DPB1; TGFBR1; IL4R; FOS; RXRG; RXRA; IL6R; RELA; IL2RA; IL2RG; AHR; STAT5B; STAT5A; RUNX1; HLA-DOA; HLA-DPA1; PPP3CA; PPP3CB; HLA-DMB; HLA-DMA"	"3594; 3108; 3109; 3111; 3113; 3115; 3122; 53342; 6256; 6258; 6772; 6774; 6776; 6777; 6778; 7297; 3718; 3725; 4772; 4773; 4775; 4790; 4793; 196; 3326; 2353; 5599; 3553; 5970; 861; 7040; 3459; 3460; 7046; 7048; 920; 5530; 5532; 5534; 6095; 5601; 5602; 5603; 3559; 3561; 3566; 3570; 3572; 4087; 4089"	107	84
"Type II interferon signaling (IFNG)"	"Wikipathways"	2.69E-06	0.0001980031	"WP619"	"TAP1; EIF2AK2; HLA-B; IFNGR1; IFNGR2; IL1B; IFIT2; SPI1; STAT1; CIITA; OAS1; ISG15; ICAM1; GBP1; PRKCD; CYBB; IRF2; IRF1; SOCS3; IFI6; IRF9; IRF8; PSMB9"	"4261; 2633; 6890; 3659; 9636; 3383; 5580; 3459; 6688; 3433; 3660; 2537; 10379; 3553; 9021; 3394; 3460; 4938; 5610; 6772; 1536; 5698; 3106"	37	30
"TGF-beta Signaling Pathway"	"Wikipathways"	3.58E-06	0.000233933	"WP366"	"MAP4K1; TGFB1; MYC; SNIP1; ATF3; FOSB; JUNB; SMAD2; COPS5; PRKAR2A; ZFYVE9; MAP2K1; RBL1; SMAD4; DAB2; LIMK2; RAF1; CAV1; NUP153; SMURF2; MAP2K4; PPM1A; FOS; JUN; KLF6; ETS1; PIK3R2; SUMO1; RNF111; TGFB1I1; CITED1; MAPK9; TGFBR3; TGFBR2; TGFBR1; ITGB4; RAC1; SP1; ITGB1; SKIL; TNC; UCHL5; RUNX2; ZEB1; MAPK8; HDAC1; YAP1; EP300; CCNB2; E2F5; SNW1; TP53; AXIN1; SOS1; AKT1; BTRC; ROCK1; MEF2C; NEDD4L; MEF2A; PIAS1; EID2; TGIF1; RBX1; CDC42; CREBBP; ATF2"	"22938; 7049; 7050; 1316; 11184; 9372; 998; 7046; 7041; 7040; 6093; 7048; 4435; 51377; 5599; 6654; 1386; 1387; 5604; 4208; 5601; 5494; 4205; 6667; 64750; 6935; 79753; 5576; 10987; 5879; 23327; 10413; 8554; 1875; 7341; 857; 8945; 163126; 7157; 3691; 9972; 2113; 9978; 9133; 54778; 5894; 4609; 3725; 3726; 860; 3371; 2353; 2354; 4087; 5296; 4089; 6498; 3065; 6416; 2033; 467; 207; 3688; 8312; 1601; 5933; 3985"	132	123
"Cell cycle - Homo sapiens (human)"	"KEGG"	4.06E-06	0.000233933	"path:hsa04110"	"MAD2L2; TGFB1; MAD2L1; BUB1B; CDKN1C; PKMYT1; PRKDC; SMAD4; ABL1; SMAD2; CDC6; CDC7; YWHAZ; ZBTB17; TP53; CCNA1; GADD45B; CDC25C; RB1; TTK; PLK1; YWHAH; ESPL1; YWHAB; PTTG1; MYC; CHEK2; YWHAG; CHEK1; SMC1A; BUB1; RBL1; CDKN2D; PCNA; CDC25A; STAG1; CCNB1; MCM7; MCM6; MCM5; MCM4; MCM3; MCM2; ANAPC1; SKP2; EP300; CDK4; WEE1; HDAC1; CCNB2; E2F5; E2F3; E2F2; CDC14A; GSK3B; CDK2; DBF4; RBX1; CCNA2; SMC3; CREBBP; CDC20"	"4609; 1028; 1032; 9232; 25; 7709; 9088; 4616; 8243; 4171; 4172; 4173; 1387; 4175; 4176; 1111; 7272; 8317; 8556; 64682; 10926; 699; 701; 8900; 10274; 5347; 9978; 7040; 10459; 5925; 7465; 5933; 1870; 1871; 1875; 6502; 7529; 7532; 7533; 7534; 2932; 890; 891; 3065; 5111; 9126; 9133; 4089; 7157; 11200; 4087; 4174; 990; 991; 993; 995; 9700; 5591; 2033; 4085; 1017; 1019"	124	112
"Retinoblastoma (RB) in Cancer"	"Wikipathways"	5.85E-06	0.000307515	"WP2446"	"HDAC1; SMC1A; DNMT1; RB1; RFC4; PLK4; RFC3; PRKDC; POLE; WEE1; RRM2; MAPK13; ABL1; SMARCA2; RAF1; CDC7; FANCG; SKP2; SMC3; SMC2; CDT1; KIF4A; TTK; POLD3; MYC; TOP2A; PCNA; BARD1; FAF1; CDC25A; ANLN; MCM7; MCM6; MCM4; MCM3; MSH6; TP53; NPAT; CCNB2; CCNB1; E2F3; E2F2; RBBP4; TYMS; CDK2; CDK4; POLE2; CHEK1; CCNA2"	"4609; 1786; 2956; 25; 5983; 5984; 4863; 993; 5591; 10592; 10733; 5603; 1019; 54443; 81620; 1017; 580; 24137; 11124; 7272; 6502; 9126; 1870; 1871; 6595; 7157; 7153; 9133; 7298; 5894; 6241; 2189; 4175; 4176; 4172; 4173; 5427; 5426; 10714; 5111; 3065; 1111; 5925; 5928; 890; 891; 8317; 8243; 7465"	89	84
"Th1 and Th2 cell differentiation - Homo sapiens (human)"	"KEGG"	8.77E-06	0.0004304477	"path:hsa04658"	"NFATC1; NFATC2; NFATC3; PPP3R1; NFKBIB; CD4; MAPK10; IFNGR1; IFNGR2; MAPK13; TYK2; STAT6; HLA-DRA; STAT4; MAML2; MAML3; STAT1; MAML1; IL12RB1; JUN; JAK3; NFKB1; MAPK8; MAPK9; HLA-DPB1; IL4R; FOS; DLL1; DLL3; RELA; IL2RA; RUNX3; IL2RG; NOTCH1; NOTCH2; STAT5B; STAT5A; HLA-DOA; MAF; HLA-DPA1; PPP3CA; PPP3CB; HLA-DMB; HLA-DMA"	"3594; 3108; 3109; 3111; 3113; 3115; 3122; 9794; 6772; 6775; 6776; 6777; 6778; 7297; 3718; 3725; 4772; 4773; 4775; 4790; 4793; 55534; 4851; 4853; 2353; 5599; 5970; 864; 28514; 3459; 3460; 920; 5530; 5532; 5534; 10683; 84441; 5601; 5602; 5603; 3559; 3561; 3566; 4094"	92	74
"HTLV-I infection - Homo sapiens (human)"	"KEGG"	1.15E-05	0.0004942948	"path:hsa05166"	"PPP3R1; BUB1B; NRAS; AKT1; AKT3; LTBR; DVL2; PIK3CA; WNT10B; PIK3CD; DVL1; RELB; MYC; PIK3R2; HLA-DPB1; CREB1; SLC25A4; ADCY4; ADCY5; ADCY1; ADCY2; ADCY3; ADCY8; GSK3B; ELK1; ELK4; NFATC1; NFATC2; NFATC3; HLA-C; HLA-B; HLA-E; RRAS; IL1R2; EGR2; EGR1; JUN; STAT5A; JAK3; CHEK2; CHEK1; TCF3; FOS; CRTC1; TRRAP; ANAPC1; RELA; TP53; TNFRSF1A; TBP; CDC20; ITGAL; POLE2; WNT5A; IL15RA; CREBBP; SMAD4; SMAD2; POLE; SPI1; POLD1; POLD3; FOSL1; ICAM1; PTTG1; NFKB2; TGFBR2; TGFBR1; VCAM1; NFKB1; EP300; MAPK8; IL2RA; IL2RG; STAT5B; ZFP36; CDK4; HLA-DOA; PRKACB; HLA-DPA1; TGFB1; MAD2L1; MAP2K4; MYBL2; XBP1; HLA-DRA; TLN2; RB1; TLN1; ETS2; DVL3; ETS1; MSX1; MSX2; PCNA; ITGB2; CD40; ATF4; CCNB2; E2F3; E2F2; WNT16; PPP3CA; PPP3CB; HLA-DMA; HLA-DMB; ATF3; ATF2"	"4609; 2353; 9232; 3601; 3106; 3107; 3109; 3113; 3115; 3122; 3133; 2113; 1111; 6237; 10000; 3683; 8295; 3689; 107; 108; 109; 111; 5296; 6776; 6777; 1385; 3718; 3725; 4488; 2033; 6688; 4772; 4773; 4775; 64682; 5293; 6416; 4790; 4791; 51384; 1387; 701; 7474; 83660; 207; 5599; 3108; 5925; 7850; 3111; 468; 7412; 6908; 4055; 6929; 196883; 4893; 291; 5424; 5426; 5427; 3383; 7480; 1856; 1857; 7494; 1870; 5970; 5971; 114; 1386; 3559; 7538; 2932; 4087; 1855; 8061; 11200; 7040; 7046; 4487; 7048; 2114; 5530; 7157; 5532; 5534; 1958; 1959; 9133; 4089; 7094; 958; 5567; 23373; 2002; 467; 2005; 10714; 1871; 7132; 991; 3561; 4605; 4085; 5111; 1019; 5290"	255	224
"C-type lectin receptor signaling pathway - Homo sapiens (human)"	"KEGG"	1.19E-05	0.0004942948	"path:hsa04625"	"PTGS2; NFATC2; NFATC3; PPP3R1; NFATC1; JUN; PLK3; RRAS; AKT1; AKT3; MAPK10; MAPK13; IL1B; RAF1; MAPKAPK2; FCER1G; CALM2; CALM3; STAT1; CLEC7A; EGR2; EGR3; NRAS; PIK3CD; PYCARD; CARD9; PIK3R2; NFKB1; NFKB2; MAPK9; IL17D; CASP1; MAPK8; PRKCD; RELB; ITPR1; BCL10; IRF1; RELA; NLRP3; PLCG2; SYK; IRF9; CALM1; CASP8; CYLD; PIK3CA; PPP3CA; PPP3CB; PAK1; BCL3"	"1540; 9261; 64581; 3659; 602; 6237; 53342; 10000; 5743; 6772; 3708; 10379; 3725; 2207; 4772; 4773; 4775; 64170; 5293; 5296; 4790; 4791; 6850; 207; 8915; 5336; 1263; 5894; 4893; 801; 805; 808; 834; 3553; 841; 5970; 5971; 114548; 5530; 5532; 5534; 1959; 1960; 29108; 5058; 5580; 5599; 5601; 5602; 5603; 5290"	104	90
"Calcium Regulation in the Cardiac Cell"	"Wikipathways"	1.21E-05	0.0004942948	"WP536"	"ATP2A2; GNB1; GNAO1; RGS6; PRKAR2A; PRKAR2B; ARRB2; CALM3; ATP1B1; KCNB1; YWHAZ; RGS20; GNAI3; ADRB1; RYR1; GJB1; CACNA1A; CACNA1B; RYR2; CAMK4; GJB6; RGS4; PRKCA; YWHAH; RGS7; RGS1; GNA11; YWHAB; SLC8A3; YWHAG; ADCY4; GJA1; GNB5; CHRM3; CAMK2G; PRKCE; CAMK2A; CHRM1; PRKCD; ADRA1B; CAMK2B; PRKCG; PRKAR1B; ATP2B1; CALM2; ATP2B3; ATP2B2; ADCY1; KCNJ3; ADCY5; RGS14; CACNB3; ADCY2; KCNJ5; ADCY3; RGS10; CALM1; ADCY8; PKIA; RGS18; RGS19; ITPR1; CAMK1; ADRB2; GNG5; GJA3; GNG3; PRKACB; CACNB1"	"1131; 490; 491; 492; 5582; 6000; 5581; 818; 814; 815; 409; 3760; 3762; 2705; 10287; 5996; 7534; 10681; 5999; 8536; 10804; 1128; 774; 8601; 2775; 114; 111; 2785; 2787; 6262; 5569; 6261; 5567; 196883; 7533; 7532; 3745; 2767; 108; 109; 107; 784; 7529; 5580; 782; 5578; 5577; 5576; 5575; 6001; 10636; 2773; 64407; 9628; 816; 2697; 153; 154; 147; 773; 2700; 3708; 488; 481; 6547; 2782; 808; 801; 805"	149	131
"Synaptic Vesicle Pathway"	"Wikipathways"	1.88E-05	0.00072636	"WP2267"	"STX1A; STX1B; SLC32A1; STXBP1; DNM1; CLTC; CACNA1A; PARK7; NSF; NAPA; RIMS1; SLC38A1; SLC25A4; CPLX2; CPLX1; AP2A1; UNC13C; RAB3A; UNC13A; SNAP25; VAMP2; SYT1; SLC17A6; SLC17A7; SYP; SLC18A3; DNM1L; SLC1A3; SYN2; CACNA1B; SYN1"	"6855; 6854; 6857; 6853; 1213; 6812; 10059; 6572; 140679; 4905; 22999; 10815; 10814; 5864; 774; 1759; 773; 6804; 112755; 57084; 6616; 11315; 8775; 160; 6844; 440279; 81539; 6507; 57030; 23025; 291"	51	48
"Hepatitis B - Homo sapiens (human)"	"KEGG"	2.08E-05	0.0007662364	"path:hsa05161"	"NFATC1; IFIH1; NFATC3; TGFB1; SMAD4; PIK3CD; BIRC5; NFATC2; CASP10; AKT1; PTK2B; AKT3; MAPK10; MAP2K4; TLR2; RAF1; YWHAZ; STAT6; DDX58; STAT4; STAT3; TP53; STAT1; CCNA1; EGR2; PIK3CA; NRAS; JUN; CDK2; RB1; ELK1; PIK3R2; FADD; YWHAB; NFKB1; MYC; MAPK9; PCNA; TGFBR1; FOS; PRKCA; CCNA2; CREB1; TLR3; PRKCG; E2F3; EP300; MAPK8; IRF3; RELA; IRF7; E2F2; MAP2K1; CASP8; CREB3L2; STAT5B; STAT5A; CREB3L1; CDK4; CREB3L4; EGR3; ATF4; CREBBP; ATF2"	"4609; 23586; 8772; 3661; 3665; 10000; 6772; 6775; 6776; 6777; 6778; 1385; 64135; 2185; 3725; 4772; 4773; 4775; 5290; 5293; 5296; 4790; 8900; 6774; 207; 468; 64764; 5894; 6416; 4893; 5925; 2353; 5599; 841; 843; 332; 1870; 1871; 5970; 148327; 7529; 1386; 1387; 7534; 90993; 890; 7040; 7046; 1959; 1960; 7097; 7098; 5578; 5582; 2002; 1017; 5601; 5602; 5604; 2033; 7157; 5111; 4089; 1019"	144	121
"Kaposis sarcoma-associated herpesvirus infection - Homo sapiens (human)"	"KEGG"	3.27E-05	0.0011465982	"path:hsa05167"	"PTGS2; NFATC2; NFATC3; PPP3R1; NFATC1; HLA-C; HLA-B; MAPK13; HLA-E; IL6ST; CCR1; MAP2K1; AKT3; MAPK10; CCR5; MAP2K4; TYK2; GABARAPL1; RAF1; MAPKAPK2; TNFRSF1A; EP300; CALM2; CALM3; STAT1; CALM1; PIK3CA; NRAS; PIK3CD; RB1; PIK3CG; PIK3R5; PIK3R2; ICAM1; FADD; C3; NFKB1; MYC; MAPK9; MICB; FOS; GNGT2; TP53; LYN; RAC1; GNB5; MAPK8; GNB1; E2F3; CREB1; TLR3; PLCG2; JUN; EIF2AK2; STAT3; ITPR1; FGF2; IRF3; RELA; IRF7; E2F2; AKT1; SYK; IRF9; CLEC2B; CASP8; GSK3B; CD86; ZFP36; GNG5; CDK4; GNG3; HCK; PPP3CA; PPP3CB; CREBBP; IFNGR1"	"4609; 5293; 3106; 3107; 9261; 3133; 8772; 805; 3661; 1230; 3665; 6416; 5743; 6772; 6774; 1385; 3708; 7297; 10379; 3725; 23710; 4772; 4773; 4775; 5290; 5294; 5296; 4277; 4790; 2932; 6850; 2247; 718; 207; 1234; 5336; 2782; 2785; 2787; 2793; 5879; 9976; 5894; 10000; 4893; 801; 5925; 808; 2353; 3383; 5599; 841; 1870; 1871; 5970; 4067; 1387; 7538; 3459; 5530; 5532; 5534; 942; 10681; 7098; 7132; 5601; 5602; 5603; 5604; 5610; 23533; 3055; 2033; 3572; 7157; 1019"	186	153
"Fc gamma R-mediated phagocytosis - Homo sapiens (human)"	"KEGG"	5.41E-05	0.0018100625	"path:hsa04666"	"SPHK2; NCF1; DOCK2; FCGR3A; CDC42; PLCG2; MAP2K1; AKT3; FCGR1A; CRK; RAF1; WASF1; WASF2; PIK3CA; PIK3CD; RPS6KB2; LIMK2; PIK3R2; LYN; RAC2; RAC1; ARPC3; PRKCE; PRKCD; ARPC5; FCGR2A; PIP5K1C; PRKCA; PRKCG; HCK; VASP; WAS; AMPH; PLD1; AKT1; SYK; PIP5K1B; VAV1; BIN1; PTPRC; ARPC1B; SCIN; PAK1; MYO10"	"5293; 56848; 4651; 6199; 5788; 2209; 2212; 2214; 5290; 5296; 6850; 8395; 207; 5336; 5337; 8936; 7408; 7409; 5879; 5880; 1794; 5894; 10000; 273; 274; 7454; 653361; 23396; 10092; 10094; 10095; 1398; 3985; 10163; 5058; 5578; 5580; 5581; 5582; 4067; 5604; 85477; 998; 3055"	91	78
"VEGFA-VEGFR2 Signaling Pathway"	"Wikipathways"	5.80E-05	0.0018267532	"WP3888"	"PTGS2; AKT1; PTK2B; CAV1; ADAMTS1; PIK3CA; INPP4B; MAP3K5; DOK1; FADD; RELA; MKNK1; SOD2; CREB1; TXN; GRB10; GSK3B; ELK1; PAK1; CCL2; NFATC1; NFATC2; CLTC; CRK; RICTOR; MAPKAPK2; EGR3; EGR1; JUN; NR4A2; AKT1S1; PIK3R2; CSK; FAF1; PRKCE; IGFBP7; RHOC; PTPN6; PBK; GJA1; CBL; MEF2C; PFN1; CDC42; HDAC1; NCF2; NCF1; RCAN2; RAP1B; RAP1A; ARRB2; CTNND1; RAF1; FLT1; STAT6; STAT3; STAT1; FHL2; ICAM1; NFKB1; MAPK8; MAPK9; KDR; ACACA; ERN1; PRKD2; AMOT; PPP3CA; KCNC3; PLAUR; PTPRZ1; MAP2K1; ERG; MAP2K4; SMARCA2; BIN1; IQGAP1; TEAD4; EPS15; HERPUD1; WASF1; CAMKK2; ETS1; PXN; ITGB1; ITGB5; RAC1; PRKCA; NR4A3; NR4A1; VCL; PRKCD; PLAU; PDPK1; SELE; ROCK1; ROCK2; RND1; NCL; ATF4; ATF6; ATF2"	"5170; 3490; 9475; 5743; 8013; 3725; 6648; 5580; 5581; 5829; 3791; 1958; 5906; 5908; 4790; 1796; 9709; 6401; 22926; 6093; 84335; 5599; 154796; 1386; 9261; 6595; 5604; 4208; 274; 3383; 2078; 1398; 4217; 3748; 2932; 2321; 2060; 389; 5328; 5329; 2274; 5578; 6774; 31; 6772; 253260; 11124; 5879; 3164; 857; 2887; 4688; 3693; 1500; 8821; 8826; 7414; 653361; 2113; 25865; 1213; 7295; 8772; 10645; 5894; 4773; 2185; 1385; 6778; 7004; 3688; 10231; 867; 8936; 409; 2697; 5601; 5296; 5290; 5216; 5058; 3065; 55872; 468; 4691; 6347; 4929; 6416; 1960; 1445; 8569; 5803; 207; 998; 5777; 5530; 27289; 5970; 2081; 2002; 9510; 4772"	236	216
"Morphine addiction - Homo sapiens (human)"	"KEGG"	5.96E-05	0.0018267532	"path:hsa05032"	"GABRG2; GABRG1; ARRB2; GABRA4; GABRA5; GABBR1; PDE11A; DRD1; GABRA1; GNAI3; GABRA3; GABRA2; KCNJ5; PDE1B; PDE1A; PDE7A; PRKCA; GNAO1; SLC32A1; GNGT2; ADCY4; GNB5; PRKACB; GNB1; PRKCG; ADCY8; GABRB2; GABRB3; PDE8A; KCNJ3; ADCY5; ADCY1; ADCY2; ADCY3; KCNJ9; GABRQ; PDE2A; GNG5; GNG3; CACNA1A; GABRD; PDE4C; CACNA1B"	"2561; 2562; 2563; 2565; 2566; 5136; 5138; 5143; 5150; 5151; 5153; 55879; 107; 108; 109; 111; 114; 3760; 3762; 3765; 2773; 2775; 2782; 2785; 2787; 2793; 50940; 773; 774; 196883; 1812; 140679; 409; 10681; 5567; 5578; 5582; 2550; 2554; 2555; 2556; 2557; 2558"	91	76
"B cell receptor signaling pathway - Homo sapiens (human)"	"KEGG"	6.55E-05	0.0018550183	"path:hsa04662"	"NFATC1; NFATC2; NFATC3; PPP3R1; RASGRP3; NFKBIB; JUN; AKT1; MAP2K1; AKT3; RAF1; PIK3AP1; LILRB3; PIK3CA; RAC1; NRAS; PIK3CD; PIK3R2; NFKB1; RELA; BLNK; LYN; RAC2; FOS; CD22; CARD11; PTPN6; SOS1; PLCG2; SYK; BCL10; DAPP1; GSK3B; VAV1; PPP3CA; PPP3CB; BTK"	"118788; 5894; 207; 3725; 10000; 5777; 5530; 5532; 5534; 4772; 4773; 4775; 5290; 5293; 4893; 5296; 2353; 25780; 4790; 695; 4793; 27071; 29760; 6850; 84433; 5970; 5336; 933; 4067; 5604; 11025; 7409; 8915; 2932; 5879; 5880; 6654"	71	63
"GABAergic synapse - Homo sapiens (human)"	"KEGG"	6.55E-05	0.0018550183	"path:hsa04727"	"SLC6A1; GABRG2; GABRG1; ABAT; GABRA4; GABRA5; GABBR1; GLS; GABRA1; GNAI3; GAD2; GABRA2; GABARAPL1; CACNA1A; CACNA1B; NSF; GAD1; SLC12A5; PRKCA; GABRA3; GNAO1; SLC6A11; SLC32A1; GNGT2; SLC38A1; GNB5; GNB1; PRKCG; ADCY8; GABRB2; GABRB3; ADCY4; ADCY5; ADCY1; ADCY2; ADCY3; GABRQ; GNG5; GNG3; PRKACB; GABRD; GLS2"	"2561; 2562; 2563; 2565; 2566; 2571; 2572; 18; 27165; 55879; 107; 108; 109; 111; 114; 57468; 81539; 23710; 2744; 2773; 2775; 2782; 2785; 2787; 2793; 4905; 773; 774; 196883; 6529; 140679; 6538; 10681; 5567; 5578; 5582; 2550; 2554; 2555; 2556; 2557; 2558"	88	74
"Cholinergic synapse - Homo sapiens (human)"	"KEGG"	8.47E-05	0.002308264	"path:hsa04725"	"CREB1; PRKCG; GNAO1; AKT1; MAP2K1; AKT3; GNAI3; CAMK2A; CACNA1A; CACNA1B; CHRNB2; PIK3CD; CAMK4; PIK3CG; PRKCA; PIK3R5; CREB3L1; PIK3R2; GNA11; FOS; GNGT2; KCNJ12; PLCB2; CAMK2G; KCNJ2; GNB5; GNB1; KCNQ5; CHRM3; KCNQ3; CHRM1; KCNQ1; CAMK2B; ITPR1; KCNJ3; ADCY5; ADCY1; ADCY2; ADCY3; ADCY4; KCNJ4; ADCY8; CREB3L2; GNG5; GNG3; CREB3L4; PIK3CA; SLC18A3; ATF4; PRKACB; NRAS"	"773; 5296; 207; 1128; 107; 108; 109; 111; 114; 1141; 3708; 1131; 56479; 5290; 5293; 5294; 3759; 3760; 3761; 3768; 3784; 3786; 2767; 5330; 2773; 2775; 2782; 2785; 2787; 2793; 64764; 774; 10000; 196883; 4893; 814; 815; 816; 2353; 818; 148327; 1385; 90993; 6572; 10681; 5567; 5578; 5582; 468; 5604; 23533"	112	95
"Corticotropin-releasing hormone signaling pathway"	"Wikipathways"	9.03E-05	0.0023647301	"WP2355"	"TGFB1; STAR; GNAO1; FOSB; JUNB; RAP1B; PLCG2; MAP2K1; ARRB2; RAF1; NCOA2; NR4A2; CYP11A1; MAP3K5; PRKCA; FOSL1; FOSL2; CYP21A2; TBX19; MAPK8; MAPK9; ERN1; TCF4; ACACA; FOS; GNB5; SP1; NR4A1; GNB1; PRKCD; CRHBP; CAMK2A; CREB1; NFKB1; RELA; IL18; GJA1; AKT1; GSK3B; ELK1; BRAF; GNA11; CRHR1"	"5580; 5908; 815; 409; 673; 7040; 10681; 5599; 2775; 5604; 5601; 2782; 6667; 1394; 1393; 2767; 2932; 5578; 31; 6770; 5970; 5336; 6925; 3164; 1589; 1583; 9095; 3606; 8061; 5894; 1385; 3726; 10499; 2697; 2353; 2354; 2355; 4217; 4929; 207; 4790; 2081; 2002"	92	77
"Oxytocin signaling pathway - Homo sapiens (human)"	"KEGG"	9.32E-05	0.0023647301	"path:hsa04921"	"PTGS2; NFATC2; NFATC3; CAMK1D; CAMK1G; NFATC1; GNAO1; EGFR; MAP2K1; CACNB4; RAF1; GNAI3; CACNA2D1; CALM2; KCNJ5; CALM1; RYR1; CACNB2; CACNB1; RYR2; JUN; CAMK4; PIK3CG; PIK3R5; MAPK7; CAMK1; PPP3R1; TRPM2; KCNJ12; PLCB2; KCNJ2; PRKCA; FOS; CAMK2G; CAMK2A; CAMK2B; PRKCG; CACNA2D2; CACNA2D3; ITPR1; PPP3CB; CACNA2D4; CALM3; KCNJ3; ADCY5; ADCY1; ADCY2; ADCY3; ADCY4; KCNJ9; KCNJ4; ADCY8; ROCK1; ROCK2; CACNB3; MEF2C; CAMKK2; ELK1; EEF2; PRKACB; PPP3CA; CACNG2; CACNG3; CACNG4; NRAS"	"9254; 7226; 107; 108; 5743; 4208; 114; 6261; 6262; 3708; 10368; 10369; 3725; 109; 111; 4772; 4773; 4775; 5294; 3759; 3760; 3761; 3762; 3765; 3768; 10645; 5330; 2775; 2773; 9475; 5894; 781; 782; 783; 784; 785; 196883; 4893; 57118; 801; 805; 808; 814; 815; 816; 2353; 818; 57172; 8536; 1938; 93589; 5530; 5534; 1956; 5532; 5567; 5578; 6093; 5582; 2002; 27092; 5598; 5604; 23533; 55799"	153	128
"Tuberculosis - Homo sapiens (human)"	"KEGG"	0.000101247	0.0024839256	"path:hsa05152"	"CD74; SPHK2; ATP6V0A1; IL10RA; IL10RB; HLA-DPB1; PLK3; MAPK8; FCGR3A; TGFB1; NFYC; AKT1; NFYA; RIPK2; MAPK10; IFNGR1; FCGR1A; MAPK13; TLR2; IL1B; RAF1; CEBPB; HLA-DRA; EP300; CEBPG; CALM3; STAT1; CALM1; CIITA; PPP3R1; TLR1; CARD9; MRC2; FADD; C3; NFKB1; RELA; MAPK9; IFNGR2; HLA-DOA; ATP6V0B; ITGAX; RFXANK; ITGB2; CAMK2G; FCER1G; CREB1; FCGR2A; ATP6V1H; CAMK2B; CALM2; CTSS; BCL10; IL18; CASP10; CAMK2A; TNFRSF1A; SYK; CLEC7A; CORO1A; CASP8; TCIRG1; CD14; AKT3; TLR6; ITGAM; HLA-DPA1; PPP3CA; PPP3CB; HLA-DMB; CREBBP; HLA-DMA"	"3587; 3588; 56848; 3606; 535; 1051; 1054; 3108; 3109; 3111; 3113; 3115; 3122; 8767; 8772; 10333; 3684; 3687; 3689; 6772; 1385; 4802; 2207; 2209; 10312; 2212; 4261; 2214; 64170; 9902; 4790; 533; 4800; 6850; 718; 207; 8915; 1263; 5894; 10000; 801; 805; 808; 815; 816; 818; 7040; 3553; 841; 843; 5970; 1387; 3459; 3460; 11151; 51606; 5532; 5530; 5534; 64581; 929; 8625; 7096; 7097; 972; 7132; 5599; 5601; 5602; 5603; 1520; 2033"	179	145
"Oocyte meiosis - Homo sapiens (human)"	"KEGG"	0.0001083751	0.0025730345	"path:hsa04114"	"MAD2L2; RPS6KA6; PPP3CA; PPP3R1; PPP2R1A; PLK1; CPEB1; CPEB3; CPEB2; MAP2K1; MAD2L1; FBXO5; YWHAZ; CALM2; CALM3; CALM1; SMC3; YWHAH; ESPL1; AURKA; YWHAB; PTTG1; YWHAG; SMC1A; BUB1; RPS6KA1; CDC25C; CAMK2G; CAMK2A; CAMK2B; AR; PKMYT1; SLK; ANAPC1; ITPR1; ADCY4; ADCY5; CCNB1; CCNB2; ADCY1; ADCY2; ADCY3; BTRC; ADCY8; CDC20; CDK2; PRKACB; PPP2R5D; RBX1; PPP3CB; PPP2R5A; PPP2R5B"	"9232; 9748; 8243; 107; 108; 109; 111; 114; 3708; 6790; 891; 27330; 26271; 64682; 699; 5347; 8945; 9978; 132864; 196883; 801; 10459; 805; 5604; 808; 815; 816; 818; 6195; 22849; 9700; 7529; 7532; 7533; 7534; 367; 9088; 5518; 5528; 5525; 5526; 5530; 5532; 5534; 9126; 9133; 5567; 1017; 991; 995; 4085; 64506"	124	98
"Inflammatory bowel disease (IBD) - Homo sapiens (human)"	"KEGG"	0.0001324548	0.002927524	"path:hsa05321"	"TGFB1; NFATC1; SMAD2; IFNGR1; IFNGR2; IL1B; STAT6; HLA-DRA; STAT4; STAT3; STAT1; IL12RB1; JUN; RORA; NFKB1; RELA; HLA-DPB1; IL4R; MAF; IL18; IL2RG; TLR2; HLA-DOA; TLR5; HLA-DPA1; HLA-DMB; HLA-DMA"	"7040; 3459; 3460; 3594; 3725; 3606; 3108; 3109; 3111; 3113; 3115; 3122; 4790; 7097; 7100; 3561; 4087; 6095; 5970; 4772; 3553; 3566; 6772; 4094; 6774; 6775; 6778"	65	43
"Androgen receptor signaling pathway"	"Wikipathways"	0.000134867	0.002927524	"WP138"	"HDAC1; ZNF318; EGFR; AKT1; SMARCE1; SMAD4; NCOR2; NCOR1; CAV1; NCOA2; NCOA3; STAT3; PARK7; JUN; RB1; FHL2; SUMO1; PIK3R2; DAXX; TGFB1I1; RELA; BRCA1; SIRT1; RAC1; SP1; CREB1; NR2C2; AR; PATZ1; EP300; ZMIZ1; LIMK2; ETV5; ROCK1; ROCK2; GSK3B; RUNX2; PIAS1; TGIF1; FLNA; PAK6; CREBBP; CDC42"	"9475; 23598; 24149; 6093; 3725; 7050; 998; 672; 1956; 7041; 2316; 56924; 1385; 1387; 6667; 367; 2932; 8202; 23411; 2274; 6774; 5879; 6605; 7341; 857; 2119; 860; 10499; 57178; 9612; 9611; 5296; 4089; 3065; 1616; 5925; 2033; 207; 8554; 11315; 5970; 3985; 7182"	89	78
"Synaptic vesicle cycle - Homo sapiens (human)"	"KEGG"	0.0001352389	0.002927524	"path:hsa04721"	"STX1A; STX1B; ATP6V1A; SLC32A1; ATP6V1H; STXBP1; DNM1; CLTC; CLTB; CACNA1A; CACNA1B; NSF; NAPA; ATP6V1B2; RIMS1; ATP6V0A1; ATP6V0B; CPLX2; CPLX1; AP2A1; UNC13C; RAB3A; UNC13A; SNAP25; VAMP2; SYT1; SLC17A6; SLC17A7; ATP6V1E1; TCIRG1; ATP6V1G2; SLC18A3; ATP6V0E1; ATP6V1C1"	"773; 140679; 22999; 526; 528; 529; 6804; 534; 6812; 160; 774; 4905; 6572; 51606; 6844; 1213; 10814; 10815; 8992; 523; 57030; 8775; 10312; 6857; 440279; 6616; 1759; 535; 5864; 1212; 23025; 112755; 57084; 533"	63	58
"cAMP signaling pathway - Homo sapiens (human)"	"KEGG"	0.000145083	0.0029374133	"path:hsa04024"	"NFATC1; NPY1R; ATP2A2; FXYD1; PIK3CD; MAPK8; RAP1B; RAP1A; ROCK1; RRAS; AKT1; MAP2K1; AKT3; GRIA4; GABBR1; LIPE; RAF1; GNAI3; EP300; CALM2; CALM3; CALM1; PIK3CA; RYR2; JUN; CAMK4; GRIN3A; GRIN2A; PIK3R2; NFKB1; RELA; MAPK9; FOS; CREB3L1; RAC2; ATP1A1; RAPGEF4; RAC1; PAK1; CAMK2G; CREB1; CAMK2A; CHRM1; ATP1B1; CAMK2B; PPARA; ATP2B1; ATP2B3; ATP2B2; GRIN1; SLC9A1; PLD1; ADCY4; ADCY5; ADCY1; ADCY2; ADCY3; VAV1; HCN2; ADCY8; HCN4; ROCK2; DRD1; CREB3L2; ADRB1; ADRB2; SOX9; ATP1A3; BRAF; CREB3L4; PRKACB; MAPK10; PDE4C; HTR1A; CREBBP; HHIP"	"6662; 481; 6237; 10000; 610; 1128; 107; 108; 109; 111; 114; 5908; 3350; 3725; 153; 154; 673; 4772; 5290; 5293; 5296; 4790; 5143; 6262; 207; 2773; 5337; 805; 5348; 7409; 5879; 5880; 64764; 9475; 5894; 5906; 196883; 1812; 4886; 801; 116443; 10021; 2353; 808; 814; 815; 816; 818; 11069; 2893; 5970; 2902; 2903; 5465; 148327; 1385; 1387; 90993; 64399; 6548; 3991; 5567; 5058; 6093; 476; 478; 5599; 5601; 5602; 5604; 488; 490; 491; 492; 2033; 2550"	198	156
"Adrenergic signaling in cardiomyocytes - Homo sapiens (human)"	"KEGG"	0.0001458256	0.0029374133	"path:hsa04261"	"SCN7A; ATP2A2; PPP2R1A; RAPGEF4; AKT1; AKT3; MAPK13; ATP1B1; CACNB4; GNAI3; ATP2B2; TNNT2; CALM2; CALM3; CALM1; CACNB3; CACNB2; CACNB1; RYR2; TPM3; PIK3CG; PIK3R5; ATP1A3; PLCB2; ATP1A1; PRKCA; CAMK2G; CAMK2A; CAMK2B; KCNQ1; CREB1; CACNA2D2; CACNA2D3; ATP2B3; CACNA2D1; CACNA2D4; SLC9A1; ADCY4; ADCY5; ADRA1B; ADCY1; ADCY2; ADCY3; ADCY8; PPP2R2C; ATP2B1; CREB3L2; ADRB1; ADRB2; CREB3L1; SCN1B; CREB3L4; PRKACB; PPP2R5D; ATF4; CACNG2; CACNG3; CACNG4; PPP2R5A; PPP2R5B; ATF2"	"7170; 9254; 10000; 107; 108; 109; 111; 114; 6262; 10368; 10369; 147; 153; 154; 5294; 6324; 6332; 3784; 207; 5330; 2773; 468; 64764; 781; 782; 783; 784; 785; 196883; 801; 805; 23533; 808; 815; 816; 818; 11069; 5603; 7139; 148327; 1385; 1386; 90993; 5525; 5518; 5522; 6548; 93589; 5526; 5528; 5567; 5578; 27092; 476; 478; 481; 488; 490; 491; 492; 55799"	144	120
"MAPK signaling pathway - Homo sapiens (human)"	"KEGG"	0.0001520509	0.0029374133	"path:hsa04010"	"HSPA2; HSPA6; PPP3R1; AKT1; AKT3; ARAF; CACNA1I; MAP3K2; CACNA1A; GADD45B; NTRK2; CACNA1G; RELB; RELA; STK3; STK4; CACNA2D2; CACNA2D3; CACNA2D1; FGFR2; CACNA2D4; FGFR1; SOS1; CSF1; ELK1; ELK4; MAPK10; PAK1; NFATC1; NFATC3; RASGRP4; RRAS; CRK; MAPKAPK3; MAPKAPK2; TGFA; DAXX; PPM1A; JUN; MAPK7; NF1; NLK; FOS; PTPN7; FGF2; PTPN5; RPS6KA1; RPS6KA4; RPS6KA6; TNFRSF1A; MEF2C; CD14; FLNA; CACNA1B; RASGRP3; MKNK1; RAP1B; RAP1A; ARRB2; MAPK13; IL1B; MAP3K5; RAF1; FLT1; CACNB3; CACNB2; CACNB1; CSF1R; CACNB4; DUSP8; DUSP4; NFKB2; MAPK9; DUSP1; DUSP3; DUSP2; TGFBR2; TGFBR1; EFNA5; EFNA4; NFKB1; TP53; TAOK1; MAPK8IP2; MAPK8IP3; DUSP6; RASGRF1; RASGRF2; KDR; PRKACB; CDC42; MAP4K1; TGFB1; MYC; MAPK8; EGFR; MAP2K1; MAP2K4; NRAS; RAC2; RAC1; PRKCA; NR4A1; PRKCG; PPP3CA; PPP3CB; RASA2; PTPRR; MAP3K13; BRAF; ATF4; CACNG2; CACNG3; CACNG4; ATF2"	"409; 4609; 1398; 4616; 115727; 5894; 9254; 9261; 1945; 6195; 1843; 4791; 1946; 1616; 9175; 3164; 6237; 2321; 5906; 4208; 23162; 10368; 10369; 6788; 6789; 3725; 4763; 5494; 673; 4772; 4775; 6416; 4893; 25780; 4790; 84867; 7867; 3791; 27330; 2247; 8911; 8913; 2260; 2263; 3306; 3310; 5879; 5880; 468; 51701; 773; 774; 2316; 781; 782; 783; 784; 785; 5908; 8986; 10000; 5922; 5923; 5924; 2353; 4915; 1844; 1845; 1846; 1850; 5601; 5602; 57551; 1848; 5970; 5971; 1386; 5778; 369; 8569; 7039; 7040; 5801; 7046; 207; 7048; 93589; 5530; 1435; 5532; 5534; 929; 1956; 1436; 11184; 5567; 5058; 5578; 5582; 2002; 27092; 2005; 7132; 5598; 5599; 3553; 5603; 5604; 998; 7157; 23542; 55799; 4217; 10746; 6654"	295	253
"Preimplantation Embryo"	"Wikipathways"	0.0001558342	0.0029374133	"WP3527"	"KHSRP; FOSB; H2AFY2; TBX3; SOX8; SOX2; SMARCA4; TEAD4; SOX11; TFAP2B; KLF4; EGR1; IRX5; DLX2; FOXQ1; NR3C2; ZFP36L2; HMGA1; E2F5; TCF7L1; ZFP36; ATP1A1"	"55506; 4306; 6597; 1875; 6926; 30812; 6664; 1958; 7538; 476; 94234; 678; 10265; 1746; 7021; 8570; 3159; 9314; 7004; 83439; 6657; 2354"	59	33
"Nicotine addiction - Homo sapiens (human)"	"KEGG"	0.000155958	0.0029374133	"path:hsa05033"	"GABRA2; CHRNB2; CACNA1A; SLC32A1; SLC17A7; GABRQ; GRIA4; GRIN3A; GABRA4; GRIN1; SLC17A6; GABRG1; GABRG2; GABRA5; GABRD; GABRB2; GABRB3; GABRA1; CACNA1B; GABRA3; GRIN2A"	"2561; 2562; 2563; 773; 774; 140679; 2565; 2566; 57030; 55879; 2893; 2902; 2903; 116443; 57084; 1141; 2554; 2555; 2556; 2557; 2558"	40	31
"Amphetamine addiction - Homo sapiens (human)"	"KEGG"	0.000159642	0.0029374133	"path:hsa05031"	"HDAC1; STX1A; PPP3R1; FOSB; GRIA4; CALM2; CALM3; CALM1; JUN; CAMK4; GRIN3A; CREB3L1; GRIN1; SIRT1; PDYN; FOS; PRKCA; CAMK2G; CREB1; CAMK2A; CAMK2B; PRKCG; ATF4; ADCY5; DRD1; CREB3L2; GRIN2A; CREB3L4; PRKACB; PPP3CA; PPP3CB; ATF2"	"3725; 468; 3065; 1812; 5530; 5532; 5534; 805; 2353; 808; 2354; 814; 815; 816; 818; 5173; 5567; 801; 5578; 2893; 5582; 2902; 2903; 116443; 148327; 1385; 1386; 111; 90993; 23411; 64764; 6804"	68	54
"TGF-beta Receptor Signaling"	"Wikipathways"	0.0001867385	0.0033521845	"WP560"	"TGFB1; SMAD9; SMAD4; SMAD5; SMAD2; ZFYVE9; SERPINE1; STAT3; STAT1; FOS; JUN; TFE3; NFKB1; MAPK9; ZNF423; TGFBR3; TGFBR2; TGFBR1; LTBP1; ENG; LEFTY2; SKIL; LEF1; EP300; NOG; RUNX2; RUNX3; SPP1; TGIF1; CREBBP"	"4087; 9241; 4089; 6498; 7030; 4090; 5601; 3725; 5054; 51176; 4790; 7050; 4093; 9372; 2033; 7044; 7046; 7040; 23090; 7049; 7048; 1387; 4052; 6774; 860; 864; 6772; 2022; 2353; 6696"	55	50
"Leukocyte transendothelial migration - Homo sapiens (human)"	"KEGG"	0.000231554	0.0040577081	"path:hsa04670"	"NCF2; NCF1; CLDN11; NCF4; RASSF5; RAP1B; RAP1A; RAPGEF4; PLCG2; PTK2B; CTNND1; MAPK13; GNAI3; PIK3CA; JAM3; PIK3CD; PXN; ICAM1; SIPA1; THY1; CLDN5; PIK3R2; ITGB1; ITGB2; RAC2; JAM2; RAC1; PRKCA; VCL; PRKCG; CYBB; RHOH; VCAM1; VASP; ACTN1; MSN; VAV1; ROCK1; ROCK2; CYBA; ITGAL; ITGAM; ESAM; CLDN10; CDC42"	"1536; 653361; 4688; 4689; 87; 2185; 3683; 3684; 3688; 3689; 58494; 83593; 5290; 5293; 5296; 5829; 2773; 5336; 7408; 7409; 7412; 7414; 5879; 5880; 9475; 5906; 5908; 11069; 90952; 3383; 6494; 998; 9071; 4478; 399; 5010; 7070; 83700; 5578; 6093; 5582; 7122; 1500; 5603; 1535"	112	84
"Insulin secretion - Homo sapiens (human)"	"KEGG"	0.0002475345	0.00423687	"path:hsa04911"	"STX1A; RAB3A; CREB1; PLCB2; RAPGEF4; ADCYAP1; RYR2; KCNMA1; PRKACB; PCLO; ATP1A3; RIMS2; KCNJ11; ATP1A1; ADCY5; PRKCA; CAMK2G; CHRM3; CAMK2A; CAMK2B; ATP1B1; PRKCG; KCNN1; ADCY4; SNAP25; VAMP2; ADCY1; ADCY2; ADCY3; ADCY8; CREB3L2; CREB3L1; ABCC8; CREB3L4; GNA11; ATF4; ATF2"	"1131; 148327; 6616; 6804; 6262; 114; 815; 816; 6833; 818; 27445; 3767; 6844; 11069; 5567; 3778; 3780; 5330; 5578; 5582; 2767; 9699; 468; 476; 478; 90993; 481; 5864; 1385; 1386; 107; 108; 109; 111; 196883; 116; 64764"	85	66
"Taste transduction - Homo sapiens (human)"	"KEGG"	0.0002984133	0.0049908879	"path:hsa04742"	"KCNK5; GABBR1; GABRA5; GABRA4; GABRA1; GABRA3; GABRA2; CACNA1A; PDE1A; SCN2A; SCNN1B; GRM4; GRM1; PLCB2; CHRM3; ADCY4; PDE1B; ADCY8; HCN4; HTR1A; PRKACB; SCN3A"	"3350; 773; 5136; 6338; 196883; 5153; 10021; 6326; 6328; 8645; 5330; 2911; 2914; 2555; 1131; 114; 2558; 2550; 2554; 5567; 2556; 2557"	83	34
"IL-4 Signaling Pathway"	"Wikipathways"	0.0003051494	0.0049908879	"WP395"	"BIRC5; AKT1; TYK2; CEBPB; CEBPA; STAT3; STAT1; PIK3CA; FOS; PIK3CD; DOK2; JAK3; NFIL3; NFKB1; RELA; PIK3R2; IL4R; STAT6; FES; EP300; PTPN6; SOCS3; SOS1; IL2RG; CBL; STAT5B; STAT5A; ELK1; FLNA; ATF2"	"867; 5296; 5293; 5290; 332; 3566; 6654; 4783; 1050; 1051; 9021; 2033; 2242; 207; 7297; 3718; 6778; 4790; 9046; 5777; 3561; 2002; 2316; 6776; 6777; 6772; 6774; 2353; 1386; 5970"	54	51
"Glutamatergic synapse - Homo sapiens (human)"	"KEGG"	0.0003282351	0.0052517615	"path:hsa04724"	"GRIK3; PPP3R1; GNAO1; GRIA4; SLC1A2; GLS; GNAI3; DLG4; CACNA1A; SHANK2; GRIN3A; PRKCA; GRIN2A; GRM8; HOMER1; GRM5; GRIN1; GRM7; GRM1; GRM2; GNG3; ADCY4; PLCB2; SLC38A1; GNB5; GNB1; PRKCG; GRM4; ITPR1; SHANK3; PPP3CB; SHANK1; PLD1; KCNJ3; ADCY5; ADCY1; ADCY2; ADCY3; GRIK1; SLC17A6; SLC17A7; ADCY8; GNG5; GNGT2; PRKACB; PPP3CA; SLC1A6; GRM3; GRIK2; GLS2; SLC1A3"	"27165; 107; 108; 109; 111; 114; 3708; 81539; 3760; 2744; 57030; 1742; 2773; 2775; 5337; 116443; 2782; 2785; 2787; 2793; 5330; 9456; 57084; 50944; 773; 196883; 2893; 2897; 2898; 2899; 2902; 2903; 2911; 2912; 2913; 2914; 2915; 2917; 2918; 6506; 6507; 85358; 6511; 5530; 5532; 5534; 22941; 10681; 5567; 5578; 5582"	114	99
"Gastric acid secretion - Homo sapiens (human)"	"KEGG"	0.0004026829	0.0063058433	"path:hsa04971"	"SLC4A2; GNAI3; CCKBR; ITPR1; CALM2; CALM3; CALM1; HRH2; PLCB2; KCNJ10; KCNJ16; KCNJ2; PRKCA; CAMK2G; CHRM3; CAMK2A; CAMK2B; KCNQ1; PRKCG; ATP1B1; SLC9A1; ADCY4; ADCY5; CA2; ADCY1; ADCY2; ADCY3; SST; ADCY8; ATP1A3; ATP1A1; PRKACB"	"107; 196883; 6548; 478; 801; 805; 808; 3773; 815; 816; 818; 6750; 3766; 3274; 5567; 3784; 5578; 5582; 760; 5330; 2773; 476; 481; 1131; 108; 109; 111; 114; 3759; 887; 6522; 3708"	75	56
"Mitotic G1-G1-S phases"	"Wikipathways"	0.0004858218	0.0074492669	"WP1858"	"PCNA; CCNA2; RBL1; CCNA1; CDC25A; CDT1; TYMS; FBXO5; TK1; RRM2; MYBL2; CDC6; TOP2A"	"890; 7083; 5111; 990; 993; 7153; 7298; 5933; 26271; 6241; 81620; 4605; 8900"	20	17
"ErbB signaling pathway - Homo sapiens (human)"	"KEGG"	0.0005112453	0.0075559548	"path:hsa04012"	"NRAS; MAPK8; EGFR; AKT1; MAP2K1; AKT3; MAPK10; MAP2K4; ABL1; CRK; RAF1; TGFA; PIK3CA; PIK3CD; RPS6KB2; PIK3R2; NRG1; MYC; MAPK9; SHC3; PRKCA; CAMK2G; CAMK2A; PRKCG; JUN; CAMK2B; NRG3; SOS1; PLCG2; CBL; GSK3B; STAT5B; STAT5A; ELK1; EIF4EBP1; BRAF; PAK4; ARAF; PAK6; PAK1; PAK3"	"4609; 1978; 5894; 3084; 3725; 5293; 5601; 25; 4893; 10000; 673; 1956; 5290; 815; 816; 818; 6199; 5058; 5063; 5578; 5602; 5582; 207; 5336; 5604; 56924; 10298; 10718; 5599; 6416; 867; 2002; 53358; 369; 2932; 1398; 6776; 6777; 5296; 6654; 7039"	85	77
"Staphylococcus aureus infection - Homo sapiens (human)"	"KEGG"	0.0005133121	0.0075559548	"path:hsa05150"	"FCGR3A; C5AR1; PTAFR; FCGR1A; HLA-DRA; SELPLG; ICAM1; C3; C2; HLA-DOA; HLA-DPB1; ITGB2; FPR1; FCGR2A; C3AR1; C1QC; C1QB; C1QA; ITGAL; ITGAM; HLA-DPA1; HLA-DMB; HLA-DMA"	"5724; 6404; 3108; 2209; 2212; 2214; 3113; 3115; 3122; 2357; 712; 713; 714; 717; 718; 728; 719; 3109; 3383; 3683; 3684; 3689; 3111"	56	37
"EGF-EGFR Signaling Pathway"	"Wikipathways"	0.0005456064	0.0078738488	"WP437"	"MAP4K1; LIMK2; FOSB; EGFR; CAV1; STXBP1; AKT1; MAP2K1; DNM1; ABL1; CRK; MYBL2; RAF1; IQGAP1; SH3GL2; NEDD8; EPS15; RICTOR; STAT3; STAT1; MAP3K2; FOS; JUN; STAT5A; ARHGEF1; DOK2; PTK2B; SYNJ1; MAPK7; NDUFA13; MAPK8; MAPK9; PIK3R2; PCNA; REPS2; ELK4; CSK; NCOA3; PRKCA; SP1; PRKCD; CREB1; CAMK2A; AP2A1; RAP1A; AURKA; IQSEC1; USP6NL; PTPN5; PTPRR; TNK2; PLD1; SOS1; PLSCR1; VAV1; GRB10; RPS6KA1; RIN1; ROCK1; CBL; PAK1; MEF2C; STAT5B; MEF2A; ELK1; EIF4EBP1; BRAF; RAC1; MEF2D; PDPK1; GJA1; RALB; CDC42"	"5170; 5899; 6093; 25; 4605; 5580; 10188; 10746; 815; 11184; 998; 673; 1956; 84867; 5599; 5598; 6654; 6812; 51079; 2060; 1385; 4738; 5604; 4209; 5601; 6456; 9712; 4205; 6667; 1398; 8867; 8202; 2353; 5578; 6774; 6776; 6777; 6772; 253260; 5337; 857; 2887; 8826; 5906; 9138; 5894; 2185; 3725; 160; 4208; 867; 6195; 7409; 2697; 2354; 5111; 9610; 5296; 9185; 5058; 5359; 1445; 1759; 5801; 207; 9046; 5879; 1978; 2002; 2005; 3985; 9922; 6790"	162	154
"Glial Cell Differentiation"	"Wikipathways"	0.000571881	0.0080943156	"WP2276"	"GAP43; CNP; TPPP; MSN; MAG; PLP1; MBP"	"2596; 5354; 4155; 1267; 4099; 11076; 4478"	8	7
"Cocaine addiction - Homo sapiens (human)"	"KEGG"	0.0008144402	0.0107815811	"path:hsa05030"	"FOSB; GNAI3; DLG4; JUN; GRIN3A; CREB3L1; CDK5R1; NFKB1; RELA; GRM2; GRM3; PDYN; CREB1; GRIN1; ADCY5; DRD1; CREB3L2; GRIN2A; CDK5; CREB3L4; PRKACB; ATF4; GPSM1; ATF2"	"3725; 8851; 1812; 116443; 1020; 2354; 5173; 4790; 5567; 1742; 468; 2773; 2902; 2903; 2912; 2913; 26086; 148327; 1385; 1386; 5970; 111; 90993; 64764"	49	40
"MET in type 1 papillary renal cell carcinoma"	"Wikipathways"	0.0008309468	0.0107815811	"WP4205"	"JAK3; PIK3CD; RAP1B; RAP1A; AKT1; MAP2K1; AKT3; ARAF; CRK; RAF1; STAT3; PIK3CA; NRAS; ETS1; PIK3R2; MAPK8; STRN; RAC1; JUN; RPL11; ALK; SOS1; CBL; BRAF; PAK4; PAK6; PAK3; PAK1; CDC42"	"10000; 10298; 4893; 5058; 5293; 5290; 5604; 238; 207; 5296; 5906; 369; 5908; 2113; 5063; 1398; 998; 673; 5894; 3725; 6801; 6774; 6654; 3718; 56924; 867; 6135; 5599; 5879"	56	51
"Long-term potentiation - Homo sapiens (human)"	"KEGG"	0.0008349866	0.0107815811	"path:hsa04720"	"PPP3R1; RAP1B; RAP1A; MAP2K1; ARAF; RAF1; EP300; CALM2; CALM3; CALM1; NRAS; CAMK4; GRM5; GRIN1; GRM1; PLCB2; PRKCA; CAMK2G; CAMK2A; PRKCG; CAMK2B; ATF4; ITPR1; RPS6KA1; ADCY1; RPS6KA6; ADCY8; GRIN2A; BRAF; PRKACB; PPP3CA; PPP3CB; CREBBP"	"1387; 4893; 5894; 5906; 5908; 5530; 5532; 5534; 801; 805; 369; 808; 814; 815; 816; 818; 6195; 5578; 5567; 27330; 673; 5582; 5330; 2902; 2903; 2911; 2915; 5604; 3708; 107; 2033; 114; 468"	67	60
"Acute myeloid leukemia - Homo sapiens (human)"	"KEGG"	0.0008349866	0.0107815811	"path:hsa05221"	"CSF1R; AKT1; MAP2K1; AKT3; ARAF; FCGR1A; RPS6KB2; RAF1; CEBPA; SPI1; STAT3; CCNA1; PIK3CA; NRAS; STAT5A; PIK3CD; PIK3R2; NFKB1; MYC; DUSP6; ITGAM; TCF7; PPARD; LEF1; RELA; SOS1; BCL2A1; TCF7L1; STAT5B; CD14; RUNX1; EIF4EBP1; BRAF"	"5894; 4609; 10000; 6932; 6688; 83439; 1436; 4893; 673; 5467; 2209; 5290; 5293; 5296; 1050; 1848; 1978; 8900; 929; 6199; 207; 5970; 597; 3684; 861; 5604; 51176; 4790; 369; 6774; 6776; 6777; 6654"	66	60
"Leishmaniasis - Homo sapiens (human)"	"KEGG"	0.0008349866	0.0107815811	"path:hsa05140"	"TGFB1; NCF1; IFNGR2; NCF4; NFKBIB; FCGR3A; IFNGR1; FCGR1A; MAPK13; IL1B; HLA-DRA; STAT1; JUN; C3; NFKB1; RELA; HLA-DOA; ITGB1; HLA-DPB1; ITGB2; FOS; FCGR2A; CYBB; CYBA; PTGS2; NCF2; PTPN6; TLR2; ELK1; ITGAM; HLA-DPA1; HLA-DMB; HLA-DMA"	"7040; 1536; 3725; 3459; 2002; 3460; 2209; 2212; 3109; 2214; 3113; 3115; 653361; 3122; 4790; 4793; 2353; 4688; 4689; 5970; 718; 7097; 3108; 3553; 5603; 3684; 5777; 3688; 3689; 5743; 6772; 3111; 1535"	74	60
"IL-5 Signaling Pathway"	"Wikipathways"	0.0008792947	0.0111579469	"WP127"	"CSF2RB; SPRED1; AKT1; MAP2K1; PIK3CG; RAF1; STAT3; STAT1; JUN; RPS6KB2; PIK3R2; MYC; FOS; LYN; RPS6KA1; SOS1; SYK; GSK3A; GSK3B; STAT5B; STAT5A; ELK1; BTK"	"6850; 5296; 5294; 5604; 6654; 1439; 4067; 695; 161742; 207; 2932; 2931; 5894; 6199; 3725; 6774; 6776; 6777; 6772; 2002; 6195; 4609; 2353"	40	38
"T-Cell antigen Receptor (TCR) Signaling Pathway"	"Wikipathways"	0.000903478	0.0112705054	"WP69"	"MAP4K1; TGFB1; NFATC2; NFATC1; CD4; AKT1; MAP2K1; RIPK2; CCR5; REL; CRK; IL1B; RAF1; CD83; JUN; BCL10; PIK3R2; NFKB1; RELA; MAPK9; FOS; CARD11; PRKCD; CREB1; SH2B3; LCP2; ITPR1; WAS; MAPK8; SOS1; VAV1; PTK2B; CBL; VIM; PDPK1; CDC42; IL15RA; PAK1; ATF2"	"5170; 7454; 3553; 5580; 11184; 998; 84433; 7040; 5599; 6654; 920; 1385; 1386; 5604; 5601; 7431; 1398; 5966; 1234; 2353; 5970; 3601; 10019; 4772; 4773; 2185; 3725; 867; 7409; 9308; 5296; 5058; 8767; 3937; 207; 3708; 4790; 8915; 5894"	92	74
